product_title,product_variant_title,product_variant_sku,quantity_sold,ending_quantity,quantity_sold_per_day
Bone Refills 90 Grams (4 Pack)®,Liver,F-LI90,0,0,0
Bone Refills 90 Grams (4 Pack)®,"Mix (Chicken, Beef, Duck, Liver)",F-MX90,19,76,19
Bone Refills 90 Grams (4 Pack)®,Chicken,F-CH90,0,0,0
Bone Refills 90 Grams (4 Pack)®,Duck,F-DU90,0,0,0
Bone Refills 90 Grams (4 Pack)®,Beef,F-BE90,0,0,0
Freez Double,UP TO 140LBS DOGS / Navy,FD-N,0,1000,0
Freez Double,UP TO 140LBS DOGS / Purple,FD-P,1,1000,1
Freez Doughnut,UP TO 140LBS DOGS / Purple,FDN-P,15,273,15
Freez Doughnut,UP TO 140LBS DOGS / Navy,FDN-N,11,253,11
FreezLava,UP TO 140LBS DOGS / Coral,FL-C,2,87,2
FreezLava,UP TO 140LBS DOGS / Light Blue,FL-N,5,127,5
FreezLava Bundle 90 Grams Fillers,UP TO 140LBS DOGS / Light Blue,BUN-FL-N90,2,76,2
FreezLava Bundle 90 Grams Fillers,UP TO 140LBS DOGS / Coral,BUN-FL-C90,0,76,0
FreezStar,UP TO 140LBS DOGS / Coral,FST-C,11,1000,11
FreezStar,UP TO 140LBS DOGS / Navy,FST-N,10,1000,10
FreezStar Bundle 90 Grams Fillers,UP TO 140LBS DOGS / Coral,BUN-FST-C90,1,76,1
FreezStar Bundle 90 Grams Fillers,UP TO 140LBS DOGS / Navy,BUN-FST-N90,0,76,0
Freezball,S - UP TO 10 LBS DOGS / Navy,FB-NS,8,1000,8
Freezball,M - UP TO 20 LBS DOGS / Navy,FB-NL,26,1000,26
Freezball,XL - UP TO 140 LBS DOGS / Navy,FB-NXL,93,1078,93
Freezball,M - UP TO 20 LBS DOGS / Purple,FB-PL,28,1000,28
Freezball,S - UP TO 10 LBS DOGS / Purple,FB-PS,6,1000,6
Freezball,XL - UP TO 140 LBS DOGS / Purple,FB-PXL,92,745,92
Freezball Bundle 45 Grams Fillers,XL - UP TO 140LBS DOGS / Purple,BUN-FB-PXL,0,1,0
Freezball Bundle 45 Grams Fillers,M - UP TO 20LBS DOGS / Purple,BUN-FB-PL,0,1,0
Freezball Bundle 45 Grams Fillers,M - UP TO 20LBS DOGS / Navy,BUN-FB-NL,0,1,0
Freezball Bundle 45 Grams Fillers,S - UP TO 10LBS DOGS / Purple,BUN-FB-PS,0,1,0
Freezball Bundle 45 Grams Fillers,XL - UP TO 140LBS DOGS / Navy,BUN-FB-NXL,0,1,0
Freezball Bundle 45 Grams Fillers,S - UP TO 10LBS DOGS / Navy,BUN-FB-NS,0,1,0
Freezball Bundle 90 Grams Fillers,S - UP TO 10LBS DOGS / Navy,BUN-FB-NS90,2,76,2
Freezball Bundle 90 Grams Fillers,M - UP TO 20LBS DOGS / Navy,BUN-FB-NL90,4,76,4
Freezball Bundle 90 Grams Fillers,XL - UP TO 140LBS DOGS / Navy,BUN-FB-NXL90,7,76,7
Freezball Bundle 90 Grams Fillers,S - UP TO 10LBS DOGS / Purple,BUN-FB-PS90,4,76,4
Freezball Bundle 90 Grams Fillers,XL - UP TO 140LBS DOGS / Purple,BUN-FB-PXL90,8,76,8
Freezball Bundle 90 Grams Fillers,M - UP TO 20LBS DOGS / Purple,BUN-FB-PL90,4,76,4
Freezbone,Navy / S - Up to 60lbs Dogs,B-NS,2,1000,2
Freezbone,Purple / S - Up to 60lbs Dogs,B-PS,0,1000,0
Freezbone,Brown / S - Up to 60lbs Dogs,B-BS,2,1000,2
Freezbone,Navy / L - Up to 140lbs Dogs,B-NL,0,1000,0
Freezbone,Purple / L - Up to 140lbs Dogs,B-PL,0,1000,0
Freezbone,Brown / L - Up to 140lbs Dogs,B-BL,0,1000,0
Freezbone Bundle 45 Grams Fillers,Purple / S - Up to 30lbs Dogs,BUN-B-PS,0,1,0
Freezbone Bundle 45 Grams Fillers,Navy / S - Up to 30lbs Dogs,BUN-B-NS,0,1,0
Freezbone Bundle 45 Grams Fillers,Navy / L - Up to 100lbs Dogs,BUN-B-NL,0,1,0
Freezbone Bundle 45 Grams Fillers,Brown / S - Up to 30lbs Dogs,BUN-B-BS,0,1,0
Freezbone Bundle 45 Grams Fillers,Brown / L - Up to 100lbs Dogs,BUN-B-BL,0,1,0
Freezbone Bundle 45 Grams Fillers,Purple / L - Up to 100lbs Dogs,BUN-B-PL,0,1,0
Freezbone Bundle 90 Grams Fillers,Purple / L - Up to 100lbs Dogs,BUN-B-PL90,2,76,2
Freezbone Bundle 90 Grams Fillers,Brown / S - Up to 30lbs Dogs,BUN-B-BS90,0,49,0
Freezbone Bundle 90 Grams Fillers,Navy / S - Up to 30lbs Dogs,BUN-B-NS90,0,76,0
Freezbone Bundle 90 Grams Fillers,Brown / L - Up to 100lbs Dogs,BUN-B-BL90,2,28,2
Freezbone Bundle 90 Grams Fillers,Navy / L - Up to 100lbs Dogs,BUN-B-NL90,4,76,4
Freezbone Bundle 90 Grams Fillers,Purple / S - Up to 30lbs Dogs,BUN-B-PS90,1,76,1
Freezbox,UP TO 140LBS DOGS / Purple,FBX-P,18,1000,18
Freezbox,UP TO 140LBS DOGS / Navy,FBX-N,30,1000,30
Freezbox Bundle 45 Grams Fillers,XL - UP TO 140LBS DOGS / Purple,BUN-FBX-P,0,1,0
Freezbox Bundle 45 Grams Fillers,XL - UP TO 140LBS DOGS / Navy,BUN-FBX-N,0,1,0
Freezbox Bundle 90 Grams Fillers,XL - UP TO 140LBS DOGS / Navy,BUN-FBX-N90,2,76,2
Freezbox Bundle 90 Grams Fillers,XL - UP TO 140LBS DOGS / Purple,BUN-FBX-P90,0,76,0
Freezdouble Bundle 45 Grams Fillers,UP TO 100LBS DOGS / Navy,BUN-FD-N,0,1,0
Freezdouble Bundle 45 Grams Fillers,UP TO 100LBS DOGS / Purple,BUN-FD-P,0,1,0
Freezdouble Bundle 90 Gram Fillers,UP TO 100LBS DOGS / Purple,BUN-FD-P90,0,76,0
Freezdouble Bundle 90 Gram Fillers,UP TO 100LBS DOGS / Navy,BUN-FD-N90,0,76,0
Freezdoughnut Bundle 45 Grams Fillers,UP TO 120LBS DOGS / Navy,BUN-FDN-N,0,1,0
Freezdoughnut Bundle 45 Grams Fillers,UP TO 120LBS DOGS / Purple,BUN-FDN-P,0,1,0
Freezdoughnut Bundle 90 Gram Fillers,UP TO 120LBS DOGS / Purple,BUN-FDN-P90,3,76,3
Freezdoughnut Bundle 90 Gram Fillers,UP TO 120LBS DOGS / Navy,BUN-FDN-N90,2,76,2
Freezstick,S - UP TO 60LBS DOGS / Purple,FS-PS,6,1000,6
Freezstick,S - UP TO 60LBS DOGS / Navy,FS-NS,7,1000,7
Freezstick,L - UP TO 140LBS DOGS / Navy,FS-NL,9,1000,9
Freezstick,L - UP TO 140LBS DOGS / Purple,FS-PL,8,1000,8
Freezstick Bundle 45 Grams Fillers,L - UP TO 140LBS DOGS / Purple,BUN-FS-PL,0,1,0
Freezstick Bundle 45 Grams Fillers,S - UP TO 60LBS DOGS / Navy,BUN-FS-NS,0,1000,0
Freezstick Bundle 45 Grams Fillers,L - UP TO 140LBS DOGS / Navy,BUN-FS-NL,0,1,0
Freezstick Bundle 45 Grams Fillers,S - UP TO 60LBS DOGS / Purple,BUN-FS-PS,0,1,0
Freezstick Bundle 90 Gram Fillers,L - UP TO 140LBS DOGS / Navy,BUN-FS-NL90,1,76,1
Freezstick Bundle 90 Gram Fillers,S - UP TO 60LBS DOGS / Purple,BUN-FS-PS90,2,76,2
Freezstick Bundle 90 Gram Fillers,S - UP TO 60LBS DOGS / Navy,BUN-FS-NS90,0,76,0
Freezstick Bundle 90 Gram Fillers,L - UP TO 140LBS DOGS / Purple,BUN-FS-PL90,1,76,1
Peanut Butter 45 Grams (4 Pack)®,Peanut Butter,F-PB,7,147,7