SKU,UPC,Title,Primary Supplier,Available Quantity,On Hand,Pending (Ready to Ship)
,,,,,,
F-MX,7.06E+11,"Bone Refills 45 Grams Mix Chicken, Beef, Duck, Liver",FreezBone,1,1,0
,,,,,,
F-PB,7.06E+11,Bone Refills 45 Grams Peanut Butter,FreezBone,42,48,6
,,,,,,
F-DU,7.06E+11,Bone Refills 45 Grams Duck,FreezBone,19,25,6
,,,,,,
F-LI,7.06E+11,Bone Refills 45 Grams Liver,FreezBone,7,7,0
,,,,,,
F-CH,7.06E+11,Bone Refills 45 Grams Chicken,FreezBone,7,7,0
,,,,,,
F-BE,7.06E+11,Bone Refills 45 Grams Beef,FreezBone,0,0,0
,,,,,,
F-MX90,4157163131,"Bone Refills 90 Grams Mix Chicken, Beef, Duck, Liver",FreezBone,32,89,57
,,,,,,
F-CH90,7.00E+11,Bone Refills 90 Grams Chicken,FreezBone,31,38,7
,,,,,,
F-BE90,7.00E+11,Bone Refills 90 Grams Beef,FreezBone,-3,4,7
,,,,,,
F-DU90,4157163134,Bone Refills 90 Grams Duck,FreezBone,37,45,8
,,,,,,
F-LI90,7.00E+11,Bone Refills 90 Grams Liver,FreezBone,28,39,11
,,,,,,
FD-P,7.43E+11,Freez Double Purple,FreezBone,80,87,7
,,,,,,
FD-N,7.43E+11,Freez Double Navy,FreezBone,84,94,10
,,,,,,
FDN-P,7.43E+11,Freez Doughnut Purple,FreezBone,126,161,35
,,,,,,
FDN-N,7.43E+11,Freez Doughnut Navy,FreezBone,128,159,31
,,,,,,
FB-PS,7.43E+11,Freezball Purple S,FreezBone,561,607,46
,,,,,,
FB-PL,7.43E+11,Freezball Purple L,FreezBone,311,404,93
,,,,,,
FB-NL,7.43E+11,Freezball Navy L,FreezBone,503,605,102
,,,,,,
FB-NS,7.43E+11,Freezball Navy S,FreezBone,646,675,29
,,,,,,
FB-PXL,7.00E+11,Freezball Purple XL,FreezBone,266,383,117
,,,,,,
FB-NXL,7.00E+11,Freezball Navy XL,FreezBone,344,527,183
,,,,,,
B-BS,7.06E+11,Freezbone Brown S,FreezBone,32,36,4
,,,,,,
B-BL,7.06E+11,Freezbone Brown L,FreezBone,11,12,1
,,,,,,
B-PS,7.06E+11,Freezbone Purple S,FreezBone,239,240,1
,,,,,,
B-PL,7.06E+11,Freezbone Purple L,FreezBone,109,112,3
,,,,,,
B-NS,7.06E+11,Freezbone Navy S,FreezBone,375,378,3
,,,,,,
B-NL,7.06E+11,Freezbone Navu L,FreezBone,57,63,6
,,,,,,
FBX-P,7.00E+11,Freezbox Purple,FreezBone,132,177,45
,,,,,,
FBX-N,7.00E+11,Freezbox Navy,FreezBone,150,228,78
,,,,,,
FST-C,7.83E+11,FreezStar Coral,FreezBone,452,473,21
,,,,,,
FST-N,7.83E+11,FreezStar Navy,FreezBone,444,474,30
,,,,,,
FS-PS,7.43E+11,Freezstick Purple S,FreezBone,42,59,17
,,,,,,
FS-NS,7.43E+11,Freezstick Navy S,FreezBone,225,236,11
,,,,,,
FS-PL,7.06E+11,Freezstick Purple L,FreezBone,106,118,12
,,,,,,
FS-NL,7.43E+11,Freezstick Navy L,FreezBone,-9,17,26
,,,,,,
FL-C,7.83E+11,FreezLava,FreezBone,33,41,8
,,,,,,
FL-N,7.83E+11,FreezLava,FreezBone,7,25,18